/*Prodcuto*/
INSERT INTO Productos (idProducto, nombre, descripcion, precio, categoriaProducto) values (1, 'Pizza Margarita', 'Pizza de masa fina con salsa de tomate, mozzarella y albahaca', 12.50, 'Otros');
INSERT INTO Productos (idProducto, nombre, descripcion, precio, categoriaProducto) values (2, 'Hamburguesa Clásica', 'Hamburguesa de carne de vacuno con lechuga, tomate, cebolla y salsa especial', 8.95, 'Carne');
INSERT INTO Productos (idProducto, nombre, descripcion, precio, categoriaProducto) values (3, 'Ensalada César', 'Ensalada de lechuga romana, croutons, parmesano y salsa César', 6.75, 'Otros');
INSERT INTO Productos (idProducto, nombre, descripcion, precio, categoriaProducto) values (4, 'Pasta a la Boloñesa', 'Pasta larga con salsa de carne de ternera y cerdo', 10.25, 'Otros');
INSERT INTO Productos (idProducto, nombre, descripcion, precio, categoriaProducto) values (5, 'Pollo al Curry', 'Pollo en salsa de curry con arroz y guarnición', 11.95, 'Carne');
INSERT INTO Productos (idProducto, nombre, descripcion, precio, categoriaProducto) values (6, 'Sushi Variado', 'Selección de sushi con salmón, atún, aguacate y langostino', 14.50, 'Pescado');
INSERT INTO Productos (idProducto, nombre, descripcion, precio, categoriaProducto) values (7, 'Tacos de Carne', 'Tacos de carne de vacuno con guacamole, pico de gallo y salsa picante', 9.25, 'Otros');
INSERT INTO Productos (idProducto, nombre, descripcion, precio, categoriaProducto) values (8, 'Sopa de Verduras', 'Sopa de verduras con caldo de pollo y trozos de verdura fresca', 5.75, 'Otros');
INSERT INTO Productos (idProducto, nombre, descripcion, precio, categoriaProducto) values (9, 'Arroz Frito', 'Arroz frito con huevo, guisantes y zanahoria', 7.50, 'Otros');
INSERT INTO Productos (idProducto, nombre, descripcion, precio, categoriaProducto) values (10, 'Quesadillas de Pollo', 'Quesadillas rellenas de pollo, queso y pimiento', 8.95, 'Carne');
INSERT INTO Productos (idProducto, nombre, descripcion, precio, categoriaProducto) values (11, 'Papas Fritas', 'Papas fritas crujientes y saladas', 4.25, 'Otros');
INSERT INTO Productos (idProducto, nombre, descripcion, precio, categoriaProducto) values (12, 'Fish and Chips', 'Filetes de pescado fritos en masa de cerveza con papas fritas', 11.50, 'Pescado');
INSERT INTO Productos (idProducto, nombre, descripcion, precio, categoriaProducto) values (13, 'Cazuela de Mariscos', 'Cazuela de mariscos con langostinos, mejillones y calamares', 12.95, 'Pescado');
INSERT INTO Productos (idProducto, nombre, descripcion, precio, categoriaProducto) values (14, 'Sándwich de Pollo', 'Sándwich de pollo con lechuga, tomate y mayonesa', 6.50, 'Carne');
INSERT INTO Productos (idProducto, nombre, descripcion, precio, categoriaProducto) values (15, 'Chili con Carne', 'Chili con carne de ternera y frijoles rojos, servido con arroz', 9.75, 'Carne');
INSERT INTO Productos (idProducto, nombre, descripcion, precio, categoriaProducto) values (16, 'Rollitos de Primavera', 'Rollitos de primavera rellenos de verduras y cerdo, servidos con salsa dulce', 7.50, 'Otros');
INSERT INTO Productos (idProducto, nombre, descripcion, precio, categoriaProducto) values (17, 'Costillas BBQ', 'Costillas de cerdo a la barbacoa con salsa BBQ, servidas con papas fritas', 13.50, 'Carne');
INSERT INTO Productos (idProducto, nombre, descripcion, precio, categoriaProducto) values (18, 'Empanadas de Carne', 'Empanadas de carne con cebolla, huevo y aceitunas',8.33,'Carne');

/*Zona*/
insert into Zona (idZona, nombre) values (1, 'Sevilla');
insert into Zona (idZona, nombre) values (2, 'Córdoba');
insert into Zona (idZona, nombre) values (3, 'Málaga');
insert into Zona (idZona, nombre) values (5, 'Jaén');
insert into Zona (idZona, nombre) values (4, 'Almería');
insert into Zona (idZona, nombre) values (6, 'Granada');
insert into Zona (idZona, nombre) values (7, 'Cádiz');
insert into Zona (idZona, nombre) values (8, 'Huelva');

/*Repartidor*/
insert into Repartidor (idRepartidor, first_name, idZona) values (1, 'Jenine', 1);
insert into Repartidor (idRepartidor, first_name, idZona) values (2, 'Norri', 1);
insert into Repartidor (idRepartidor, first_name, idZona) values (3, 'Walton', 1);
insert into Repartidor (idRepartidor, first_name, idZona) values (4, 'Marven', 2);
insert into Repartidor (idRepartidor, first_name, idZona) values (5, 'Sherie', 2);
insert into Repartidor (idRepartidor, first_name, idZona) values (6, 'Kaye', 2);
insert into Repartidor (idRepartidor, first_name, idZona) values (7, 'Zahara', 3);
insert into Repartidor (idRepartidor, first_name, idZona) values (8, 'Spike', 3);
insert into Repartidor (idRepartidor, first_name, idZona) values (9, 'Vail', 4);
insert into Repartidor (idRepartidor, first_name, idZona) values (10, 'Ambrosio', 5);
insert into Repartidor (idRepartidor, first_name, idZona) values (11, 'Vincenty', 5);
insert into Repartidor (idRepartidor, first_name, idZona) values (12, 'Kile', 4);
insert into Repartidor (idRepartidor, first_name, idZona) values (13, 'Gillan', 6);
insert into Repartidor (idRepartidor, first_name, idZona) values (14, 'Pip', 6);
insert into Repartidor (idRepartidor, first_name, idZona) values (15, 'Janet', 7);
insert into Repartidor (idRepartidor, first_name, idZona) values (16, 'Garland', 7);
insert into Repartidor (idRepartidor, first_name, idZona) values (17, 'Andrus', 2);
insert into Repartidor (idRepartidor, first_name, idZona) values (18, 'Vallie', 8);
insert into Repartidor (idRepartidor, first_name, idZona) values (19, 'Debor', 4);
insert into Repartidor (idRepartidor, first_name, idZona) values (20, 'Alissa', 8);
/*Cliente*/
insert into Cliente (idCliente, first_name, last_name, email, telefono, idZona) values (1, 'Kattie', 'Ruddom', 'KattieRuddom@gmail.com', 657597346, 5);
insert into Cliente (idCliente, first_name, last_name, email, telefono, idZona) values (2, 'Kendell', 'Ashleigh', 'KendellAshleigh@gmail.com', 634838117, 2);
insert into Cliente (idCliente, first_name, last_name, email, telefono, idZona) values (3, 'Rochette', 'Gelderd', 'RochetteGelderd@gmail.com', 657494842, 5);
insert into Cliente (idCliente, first_name, last_name, email, telefono, idZona) values (4, 'Cyrus', 'Comelini', 'CyrusComelini@gmail.com', 629314601, 6);
insert into Cliente (idCliente, first_name, last_name, email, telefono, idZona) values (5, 'Sydel', 'Hyett', 'SydelHyett@gmail.com', 626994948, 3);
insert into Cliente (idCliente, first_name, last_name, email, telefono, idZona) values (6, 'Estella', 'Devo', 'EstellaDevo@gmail.com', 676727365, 7);
insert into Cliente (idCliente, first_name, last_name, email, telefono, idZona) values (7, 'Kettie', 'Murty', 'KettieMurty@gmail.com', 628043860, 6);
insert into Cliente (idCliente, first_name, last_name, email, telefono, idZona) values (8, 'Sofie', 'Silby', 'SofieSilby@gmail.com', 641028420, 8);
insert into Cliente (idCliente, first_name, last_name, email, telefono, idZona) values (9, 'Klement', 'Meekings', 'KlementMeekings@gmail.com', 639337219, 1);
insert into Cliente (idCliente, first_name, last_name, email, telefono, idZona) values (10, 'Filia', 'Atmore', 'FiliaAtmore@gmail.com', 641960594, 5);
insert into Cliente (idCliente, first_name, last_name, email, telefono, idZona) values (11, 'Sofie', 'Ferie', 'SofieFerie@gmail.com', 677158501, 7);
insert into Cliente (idCliente, first_name, last_name, email, telefono, idZona) values (12, 'Austin', 'Lethby', 'AustinLethby@gmail.com', 681908646, 6);
insert into Cliente (idCliente, first_name, last_name, email, telefono, idZona) values (13, 'Vasily', 'Merit', 'VasilyMerit@gmail.com', 659156740, 1);
insert into Cliente (idCliente, first_name, last_name, email, telefono, idZona) values (14, 'Tremaine', 'Cayzer', 'TremaineCayzer@gmail.com', 680344042, 2);
insert into Cliente (idCliente, first_name, last_name, email, telefono, idZona) values (15, 'Torrin', 'Crufts', 'TorrinCrufts@gmail.com', 694179488, 6);
insert into Cliente (idCliente, first_name, last_name, email, telefono, idZona) values (16, 'Marika', 'Cathesyed', 'MarikaCathesyed@gmail.com', 691921938, 6);
insert into Cliente (idCliente, first_name, last_name, email, telefono, idZona) values (17, 'Andre', 'Rawstorne', 'AndreRawstorne@gmail.com', 657993083, 7);
insert into Cliente (idCliente, first_name, last_name, email, telefono, idZona) values (18, 'Katharina', 'Dewdney', 'KatharinaDewdney@gmail.com', 663096360, 4);
insert into Cliente (idCliente, first_name, last_name, email, telefono, idZona) values (19, 'Aleta', 'Loddy', 'AletaLoddy@gmail.com', 644815785, 1);
insert into Cliente (idCliente, first_name, last_name, email, telefono, idZona) values (20, 'Hazel', 'Woolley', 'HazelWoolley@gmail.com', 644577105, 8);
insert into Cliente (idCliente, first_name, last_name, email, telefono, idZona) values (21, 'Huberto', 'Crucitti', 'HubertoCrucitti@gmail.com', 656154852, 5);
insert into Cliente (idCliente, first_name, last_name, email, telefono, idZona) values (22, 'Morganica', 'Botham', 'MorganicaBotham@gmail.com', 634458671, 4);
insert into Cliente (idCliente, first_name, last_name, email, telefono, idZona) values (23, 'Shana', 'Trewett', 'ShanaTrewett@gmail.com', 642991669, 4);
insert into Cliente (idCliente, first_name, last_name, email, telefono, idZona) values (24, 'Wallie', 'Hartness', 'WallieHartness@gmail.com', 662219504, 1);
insert into Cliente (idCliente, first_name, last_name, email, telefono, idZona) values (25, 'Genvieve', 'Kydde', 'GenvieveKydde@gmail.com', 671042166, 1);
insert into Cliente (idCliente, first_name, last_name, email, telefono, idZona) values (26, 'Afton', 'Urrey', 'AftonUrrey@gmail.com', 671728253, 2);
insert into Cliente (idCliente, first_name, last_name, email, telefono, idZona) values (27, 'Eldridge', 'Wolfendale', 'EldridgeWolfendale@gmail.com', 618306337, 8);
insert into Cliente (idCliente, first_name, last_name, email, telefono, idZona) values (28, 'Colene', 'Cranna', 'ColeneCranna@gmail.com', 682865785, 6);
insert into Cliente (idCliente, first_name, last_name, email, telefono, idZona) values (29, 'Robbin', 'Simmons', 'RobbinSimmons@gmail.com', 643378374, 8);
insert into Cliente (idCliente, first_name, last_name, email, telefono, idZona) values (30, 'Hussein', 'Outridge', 'HusseinOutridge@gmail.com', 679029849, 4);
insert into Cliente (idCliente, first_name, last_name, email, telefono, idZona) values (31, 'Eartha', 'Davidsson', 'EarthaDavidsson@gmail.com', 600426686, 3);
insert into Cliente (idCliente, first_name, last_name, email, telefono, idZona) values (32, 'Garth', 'Ferriday', 'GarthFerriday@gmail.com', 613300263, 1);
insert into Cliente (idCliente, first_name, last_name, email, telefono, idZona) values (33, 'Pamelina', 'Tuxill', 'PamelinaTuxill@gmail.com', 693314021, 4);
insert into Cliente (idCliente, first_name, last_name, email, telefono, idZona) values (34, 'Etan', 'Erickson', 'EtanErickson@gmail.com', 696239417, 8);
insert into Cliente (idCliente, first_name, last_name, email, telefono, idZona) values (35, 'Denna', 'Dablin', 'DennaDablin@gmail.com', 642912149, 7);
insert into Cliente (idCliente, first_name, last_name, email, telefono, idZona) values (36, 'Ilse', 'Laughlan', 'IlseLaughlan@gmail.com', 676381295, 6);
insert into Cliente (idCliente, first_name, last_name, email, telefono, idZona) values (37, 'Kathleen', 'Neenan', 'KathleenNeenan@gmail.com', 615965795, 1);
insert into Cliente (idCliente, first_name, last_name, email, telefono, idZona) values (38, 'Langsdon', 'Channon', 'LangsdonChannon@gmail.com', 609986669, 1);
insert into Cliente (idCliente, first_name, last_name, email, telefono, idZona) values (39, 'Dannie', 'Peckitt', 'DanniePeckitt@gmail.com', 674170176, 8);
insert into Cliente (idCliente, first_name, last_name, email, telefono, idZona) values (40, 'Fawne', 'ffrench Beytagh', 'Fawneffrench Beytagh@gmail.com', 670883227, 2);
insert into Cliente (idCliente, first_name, last_name, email, telefono, idZona) values (41, 'Jasun', 'Caron', 'JasunCaron@gmail.com', 683566266, 5);
insert into Cliente (idCliente, first_name, last_name, email, telefono, idZona) values (42, 'Clemmy', 'Rodolf', 'ClemmyRodolf@gmail.com', 673498244, 3);
insert into Cliente (idCliente, first_name, last_name, email, telefono, idZona) values (43, 'Tiebold', 'Britney', 'TieboldBritney@gmail.com', 661520232, 3);
insert into Cliente (idCliente, first_name, last_name, email, telefono, idZona) values (44, 'Codee', 'McGillacoell', 'CodeeMcGillacoell@gmail.com', 650740177, 1);
insert into Cliente (idCliente, first_name, last_name, email, telefono, idZona) values (45, 'Lory', 'Dodgson', 'LoryDodgson@gmail.com', 644277349, 7);
insert into Cliente (idCliente, first_name, last_name, email, telefono, idZona) values (46, 'Ernestus', 'Flea', 'ErnestusFlea@gmail.com', 636706065, 7);
insert into Cliente (idCliente, first_name, last_name, email, telefono, idZona) values (47, 'Ron', 'Cahey', 'RonCahey@gmail.com', 678811105, 4);
insert into Cliente (idCliente, first_name, last_name, email, telefono, idZona) values (48, 'Vasili', 'Menat', 'VasiliMenat@gmail.com', 613212215, 8);
insert into Cliente (idCliente, first_name, last_name, email, telefono, idZona) values (49, 'Ellwood', 'Rene', 'EllwoodRene@gmail.com', 655311027, 3);
insert into Cliente (idCliente, first_name, last_name, email, telefono, idZona) values (50, 'Jay', 'Deme', 'JayDeme@gmail.com', 696714263, 3);
insert into Cliente (idCliente, first_name, last_name, email, telefono, idZona) values (51, 'Adelbert', 'Trevett', 'AdelbertTrevett@gmail.com', 675034566, 6);
insert into Cliente (idCliente, first_name, last_name, email, telefono, idZona) values (52, 'Fairlie', 'Boundy', 'FairlieBoundy@gmail.com', 607667945, 5);
insert into Cliente (idCliente, first_name, last_name, email, telefono, idZona) values (53, 'Nerissa', 'Keningley', 'NerissaKeningley@gmail.com', 653625819, 2);
insert into Cliente (idCliente, first_name, last_name, email, telefono, idZona) values (54, 'Madlen', 'Plumer', 'MadlenPlumer@gmail.com', 603919555, 1);
insert into Cliente (idCliente, first_name, last_name, email, telefono, idZona) values (55, 'Dillon', 'Dullaghan', 'DillonDullaghan@gmail.com', 694478565, 5);
insert into Cliente (idCliente, first_name, last_name, email, telefono, idZona) values (56, 'Gallagher', 'Boise', 'GallagherBoise@gmail.com', 634776461, 5);
insert into Cliente (idCliente, first_name, last_name, email, telefono, idZona) values (57, 'Freddie', 'Battie', 'FreddieBattie@gmail.com', 697822991, 3);
insert into Cliente (idCliente, first_name, last_name, email, telefono, idZona) values (58, 'Gustavo', 'Gendrich', 'GustavoGendrich@gmail.com', 630975515, 4);
insert into Cliente (idCliente, first_name, last_name, email, telefono, idZona) values (59, 'Marcille', 'Evens', 'MarcilleEvens@gmail.com', 628154665, 7);
insert into Cliente (idCliente, first_name, last_name, email, telefono, idZona) values (60, 'Tarra', 'Griffin', 'TarraGriffin@gmail.com', 687258645, 6);
insert into Cliente (idCliente, first_name, last_name, email, telefono, idZona) values (61, 'Judith', 'Johnsee', 'JudithJohnsee@gmail.com', 648298588, 6);
insert into Cliente (idCliente, first_name, last_name, email, telefono, idZona) values (62, 'Brianne', 'Cave', 'BrianneCave@gmail.com', 619270971, 5);
insert into Cliente (idCliente, first_name, last_name, email, telefono, idZona) values (63, 'Merilyn', 'Bjerkan', 'MerilynBjerkan@gmail.com', 621716492, 6);
insert into Cliente (idCliente, first_name, last_name, email, telefono, idZona) values (64, 'Terrie', 'Udy', 'TerrieUdy@gmail.com', 668780795, 1);
insert into Cliente (idCliente, first_name, last_name, email, telefono, idZona) values (65, 'Lowe', 'Rudolfer', 'LoweRudolfer@gmail.com', 646138232, 2);
insert into Cliente (idCliente, first_name, last_name, email, telefono, idZona) values (66, 'Annamarie', 'Bland', 'AnnamarieBland@gmail.com', 685547547, 4);
insert into Cliente (idCliente, first_name, last_name, email, telefono, idZona) values (67, 'Ermengarde', 'Barcroft', 'ErmengardeBarcroft@gmail.com', 620472454, 3);
insert into Cliente (idCliente, first_name, last_name, email, telefono, idZona) values (68, 'Elissa', 'Gawen', 'ElissaGawen@gmail.com', 607210418, 2);
insert into Cliente (idCliente, first_name, last_name, email, telefono, idZona) values (69, 'Scarface', 'Karchewski', 'ScarfaceKarchewski@gmail.com', 658055344, 6);
insert into Cliente (idCliente, first_name, last_name, email, telefono, idZona) values (70, 'Elberta', 'Pestridge', 'ElbertaPestridge@gmail.com', 696499702, 8);
insert into Cliente (idCliente, first_name, last_name, email, telefono, idZona) values (71, 'Pincus', 'Cuffe', 'PincusCuffe@gmail.com', 665307128, 8);
insert into Cliente (idCliente, first_name, last_name, email, telefono, idZona) values (72, 'Ethelin', 'Kapelhoff', 'EthelinKapelhoff@gmail.com', 626031860, 7);
insert into Cliente (idCliente, first_name, last_name, email, telefono, idZona) values (73, 'Rebe', 'Otton', 'RebeOtton@gmail.com', 657160178, 4);
insert into Cliente (idCliente, first_name, last_name, email, telefono, idZona) values (74, 'Gratiana', 'Doche', 'GratianaDoche@gmail.com', 662135339, 3);
insert into Cliente (idCliente, first_name, last_name, email, telefono, idZona) values (75, 'Norris', 'Ferfulle', 'NorrisFerfulle@gmail.com', 626103000, 6);
insert into Cliente (idCliente, first_name, last_name, email, telefono, idZona) values (76, 'Rodge', 'Firidolfi', 'RodgeFiridolfi@gmail.com', 648927405, 7);
insert into Cliente (idCliente, first_name, last_name, email, telefono, idZona) values (77, 'Stella', 'Joire', 'StellaJoire@gmail.com', 643437588, 2);
insert into Cliente (idCliente, first_name, last_name, email, telefono, idZona) values (78, 'Rollo', 'Vousden', 'RolloVousden@gmail.com', 670685819, 4);
insert into Cliente (idCliente, first_name, last_name, email, telefono, idZona) values (79, 'Raymund', 'De Beauchamp', 'RaymundDe Beauchamp@gmail.com', 611597136, 1);
insert into Cliente (idCliente, first_name, last_name, email, telefono, idZona) values (80, 'Darb', 'Roubeix', 'DarbRoubeix@gmail.com', 682125168, 1);
insert into Cliente (idCliente, first_name, last_name, email, telefono, idZona) values (81, 'Gibbie', 'Jacketts', 'GibbieJacketts@gmail.com', 694775936, 5);
insert into Cliente (idCliente, first_name, last_name, email, telefono, idZona) values (82, 'Brandon', 'Hensmans', 'BrandonHensmans@gmail.com', 637862744, 8);
insert into Cliente (idCliente, first_name, last_name, email, telefono, idZona) values (83, 'Brantley', 'Titchard', 'BrantleyTitchard@gmail.com', 620832809, 5);
insert into Cliente (idCliente, first_name, last_name, email, telefono, idZona) values (84, 'Dickie', 'Crosgrove', 'DickieCrosgrove@gmail.com', 689881113, 1);
insert into Cliente (idCliente, first_name, last_name, email, telefono, idZona) values (85, 'Sharai', 'Reston', 'SharaiReston@gmail.com', 687400575, 4);
insert into Cliente (idCliente, first_name, last_name, email, telefono, idZona) values (86, 'Sunny', 'Norval', 'SunnyNorval@gmail.com', 644696210, 4);
insert into Cliente (idCliente, first_name, last_name, email, telefono, idZona) values (87, 'Wendye', 'Ballach', 'WendyeBallach@gmail.com', 683747421, 6);
insert into Cliente (idCliente, first_name, last_name, email, telefono, idZona) values (88, 'Jehu', 'Delves', 'JehuDelves@gmail.com', 695633090, 8);
insert into Cliente (idCliente, first_name, last_name, email, telefono, idZona) values (89, 'Bobbi', 'Folbig', 'BobbiFolbig@gmail.com', 680129632, 4);
insert into Cliente (idCliente, first_name, last_name, email, telefono, idZona) values (90, 'Hilliard', 'Dagnan', 'HilliardDagnan@gmail.com', 645764846, 6);
insert into Cliente (idCliente, first_name, last_name, email, telefono, idZona) values (91, 'Lira', 'Simson', 'LiraSimson@gmail.com', 603313183, 1);
insert into Cliente (idCliente, first_name, last_name, email, telefono, idZona) values (92, 'Ashby', 'Whymark', 'AshbyWhymark@gmail.com', 659247196, 7);
insert into Cliente (idCliente, first_name, last_name, email, telefono, idZona) values (93, 'Galina', 'Routh', 'GalinaRouth@gmail.com', 623880059, 4);
insert into Cliente (idCliente, first_name, last_name, email, telefono, idZona) values (94, 'Miquela', 'O''Scandall', 'MiquelaO''Scandall@gmail.com', 635367963, 3);
insert into Cliente (idCliente, first_name, last_name, email, telefono, idZona) values (95, 'Ab', 'Braga', 'AbBraga@gmail.com', 608950326, 4);
insert into Cliente (idCliente, first_name, last_name, email, telefono, idZona) values (96, 'Dillon', 'Disney', 'DillonDisney@gmail.com', 630034448, 8);
insert into Cliente (idCliente, first_name, last_name, email, telefono, idZona) values (97, 'Eldin', 'Lambell', 'EldinLambell@gmail.com', 689614576, 4);
insert into Cliente (idCliente, first_name, last_name, email, telefono, idZona) values (98, 'Carole', 'Poll', 'CarolePoll@gmail.com', 682180017, 8);
insert into Cliente (idCliente, first_name, last_name, email, telefono, idZona) values (99, 'Saw', 'Gulliver', 'SawGulliver@gmail.com', 613497087, 8);
insert into Cliente (idCliente, first_name, last_name, email, telefono, idZona) values (100, 'Hastings', 'Harrison', 'HastingsHarrison@gmail.com', 666206625, 1);

/*Pedido*/
insert into Pedido (codPedido, fechaPedido, precioTotal, idCliente, idRepartidor) values (1, '8/4/2023', '€725,55', 33, 8);
insert into Pedido (codPedido, fechaPedido, precioTotal, idCliente, idRepartidor) values (2, '30/1/2024', '€439,31', 86, 17);
insert into Pedido (codPedido, fechaPedido, precioTotal, idCliente, idRepartidor) values (3, '20/9/2023', '€2472,48', 86, 6);
insert into Pedido (codPedido, fechaPedido, precioTotal, idCliente, idRepartidor) values (4, '22/11/2023', '€1594,68', 46, 4);
insert into Pedido (codPedido, fechaPedido, precioTotal, idCliente, idRepartidor) values (5, '11/7/2023', '€1753,21', 21, 10);
insert into Pedido (codPedido, fechaPedido, precioTotal, idCliente, idRepartidor) values (6, '14/12/2023', '€1582,76', 89, 9);
insert into Pedido (codPedido, fechaPedido, precioTotal, idCliente, idRepartidor) values (7, '17/7/2023', '€1738,28', 72, 4);
insert into Pedido (codPedido, fechaPedido, precioTotal, idCliente, idRepartidor) values (8, '24/10/2023', '€2286,63', 79, 5);
insert into Pedido (codPedido, fechaPedido, precioTotal, idCliente, idRepartidor) values (9, '13/7/2023', '€198,34', 41, 12);
insert into Pedido (codPedido, fechaPedido, precioTotal, idCliente, idRepartidor) values (10, '2/10/2023', '€480,92', 83, 17);
insert into Pedido (codPedido, fechaPedido, precioTotal, idCliente, idRepartidor) values (11, '24/7/2023', '€1179,16', 80, 7);
insert into Pedido (codPedido, fechaPedido, precioTotal, idCliente, idRepartidor) values (12, '2/5/2023', '€2515,83', 20, 5);
insert into Pedido (codPedido, fechaPedido, precioTotal, idCliente, idRepartidor) values (13, '7/3/2023', '€1071,94', 86, 3);
insert into Pedido (codPedido, fechaPedido, precioTotal, idCliente, idRepartidor) values (14, '20/12/2023', '€734,65', 71, 13);
insert into Pedido (codPedido, fechaPedido, precioTotal, idCliente, idRepartidor) values (15, '6/12/2023', '€303,12', 53, 5);
insert into Pedido (codPedido, fechaPedido, precioTotal, idCliente, idRepartidor) values (16, '11/11/2023', '€1350,98', 78, 2);
insert into Pedido (codPedido, fechaPedido, precioTotal, idCliente, idRepartidor) values (17, '13/5/2023', '€1201,18', 83, 2);
insert into Pedido (codPedido, fechaPedido, precioTotal, idCliente, idRepartidor) values (18, '5/10/2023', '€1597,78', 5, 9);
insert into Pedido (codPedido, fechaPedido, precioTotal, idCliente, idRepartidor) values (19, '11/8/2023', '€2134,40', 83, 20);
insert into Pedido (codPedido, fechaPedido, precioTotal, idCliente, idRepartidor) values (20, '20/8/2023', '€2536,16', 28, 5);
insert into Pedido (codPedido, fechaPedido, precioTotal, idCliente, idRepartidor) values (21, '25/9/2023', '€1501,95', 92, 6);
insert into Pedido (codPedido, fechaPedido, precioTotal, idCliente, idRepartidor) values (22, '24/1/2023', '€148,49', 28, 17);
insert into Pedido (codPedido, fechaPedido, precioTotal, idCliente, idRepartidor) values (23, '1/10/2023', '€1212,16', 68, 13);
insert into Pedido (codPedido, fechaPedido, precioTotal, idCliente, idRepartidor) values (24, '4/4/2023', '€1512,91', 99, 13);
insert into Pedido (codPedido, fechaPedido, precioTotal, idCliente, idRepartidor) values (25, '22/4/2023', '€2979,56', 70, 16);
insert into Pedido (codPedido, fechaPedido, precioTotal, idCliente, idRepartidor) values (26, '5/1/2024', '€1237,24', 66, 20);
insert into Pedido (codPedido, fechaPedido, precioTotal, idCliente, idRepartidor) values (27, '10/11/2023', '€1597,52', 55, 16);
insert into Pedido (codPedido, fechaPedido, precioTotal, idCliente, idRepartidor) values (28, '8/10/2023', '€1531,59', 51, 17);
insert into Pedido (codPedido, fechaPedido, precioTotal, idCliente, idRepartidor) values (29, '23/3/2023', '€2555,59', 84, 19);
insert into Pedido (codPedido, fechaPedido, precioTotal, idCliente, idRepartidor) values (30, '29/8/2023', '€1806,27', 29, 19);
insert into Pedido (codPedido, fechaPedido, precioTotal, idCliente, idRepartidor) values (31, '9/1/2024', '€2139,10', 72, 3);
insert into Pedido (codPedido, fechaPedido, precioTotal, idCliente, idRepartidor) values (32, '7/1/2023', '€675,08', 8, 18);
insert into Pedido (codPedido, fechaPedido, precioTotal, idCliente, idRepartidor) values (33, '23/8/2023', '€1149,99', 82, 9);
insert into Pedido (codPedido, fechaPedido, precioTotal, idCliente, idRepartidor) values (34, '22/12/2023', '€861,87', 57, 4);
insert into Pedido (codPedido, fechaPedido, precioTotal, idCliente, idRepartidor) values (35, '4/8/2023', '€1551,46', 62, 9);
insert into Pedido (codPedido, fechaPedido, precioTotal, idCliente, idRepartidor) values (36, '11/3/2023', '€1796,56', 37, 12);
insert into Pedido (codPedido, fechaPedido, precioTotal, idCliente, idRepartidor) values (37, '9/9/2023', '€1145,81', 34, 7);
insert into Pedido (codPedido, fechaPedido, precioTotal, idCliente, idRepartidor) values (38, '13/11/2023', '€2341,95', 55, 3);
insert into Pedido (codPedido, fechaPedido, precioTotal, idCliente, idRepartidor) values (39, '3/5/2023', '€450,13', 79, 4);
insert into Pedido (codPedido, fechaPedido, precioTotal, idCliente, idRepartidor) values (40, '20/2/2023', '€1705,71', 48, 14);
insert into Pedido (codPedido, fechaPedido, precioTotal, idCliente, idRepartidor) values (41, '8/3/2023', '€817,43', 12, 14);
insert into Pedido (codPedido, fechaPedido, precioTotal, idCliente, idRepartidor) values (42, '6/1/2024', '€2533,79', 77, 13);
insert into Pedido (codPedido, fechaPedido, precioTotal, idCliente, idRepartidor) values (43, '21/12/2023', '€658,93', 8, 19);
insert into Pedido (codPedido, fechaPedido, precioTotal, idCliente, idRepartidor) values (44, '25/5/2023', '€1327,15', 7, 18);
insert into Pedido (codPedido, fechaPedido, precioTotal, idCliente, idRepartidor) values (45, '18/12/2023', '€204,43', 41, 4);
insert into Pedido (codPedido, fechaPedido, precioTotal, idCliente, idRepartidor) values (46, '22/10/2023', '€2442,49', 41, 14);
insert into Pedido (codPedido, fechaPedido, precioTotal, idCliente, idRepartidor) values (47, '30/7/2023', '€2964,60', 1, 14);
insert into Pedido (codPedido, fechaPedido, precioTotal, idCliente, idRepartidor) values (48, '14/3/2023', '€512,77', 33, 8);
insert into Pedido (codPedido, fechaPedido, precioTotal, idCliente, idRepartidor) values (49, '23/8/2023', '€536,12', 83, 7);
insert into Pedido (codPedido, fechaPedido, precioTotal, idCliente, idRepartidor) values (50, '12/9/2023', '€327,27', 93, 2);
insert into Pedido (codPedido, fechaPedido, precioTotal, idCliente, idRepartidor) values (51, '6/3/2023', '€990,93', 38, 17);
insert into Pedido (codPedido, fechaPedido, precioTotal, idCliente, idRepartidor) values (52, '28/9/2023', '€2539,33', 60, 7);
insert into Pedido (codPedido, fechaPedido, precioTotal, idCliente, idRepartidor) values (53, '31/1/2023', '€2813,82', 20, 7);
insert into Pedido (codPedido, fechaPedido, precioTotal, idCliente, idRepartidor) values (54, '27/1/2024', '€2899,57', 84, 10);
insert into Pedido (codPedido, fechaPedido, precioTotal, idCliente, idRepartidor) values (55, '24/2/2023', '€1382,79', 99, 7);
insert into Pedido (codPedido, fechaPedido, precioTotal, idCliente, idRepartidor) values (56, '8/5/2023', '€942,04', 84, 4);
insert into Pedido (codPedido, fechaPedido, precioTotal, idCliente, idRepartidor) values (57, '17/10/2023', '€1295,40', 45, 1);
insert into Pedido (codPedido, fechaPedido, precioTotal, idCliente, idRepartidor) values (58, '21/3/2023', '€938,53', 12, 10);
insert into Pedido (codPedido, fechaPedido, precioTotal, idCliente, idRepartidor) values (59, '28/6/2023', '€1967,17', 71, 12);
insert into Pedido (codPedido, fechaPedido, precioTotal, idCliente, idRepartidor) values (60, '16/1/2024', '€2347,39', 71, 11);
insert into Pedido (codPedido, fechaPedido, precioTotal, idCliente, idRepartidor) values (61, '15/5/2023', '€2313,58', 55, 16);
insert into Pedido (codPedido, fechaPedido, precioTotal, idCliente, idRepartidor) values (62, '6/12/2023', '€2900,25', 12, 17);
insert into Pedido (codPedido, fechaPedido, precioTotal, idCliente, idRepartidor) values (63, '22/12/2023', '€326,89', 28, 17);
insert into Pedido (codPedido, fechaPedido, precioTotal, idCliente, idRepartidor) values (64, '4/8/2023', '€1471,10', 12, 7);
insert into Pedido (codPedido, fechaPedido, precioTotal, idCliente, idRepartidor) values (65, '10/9/2023', '€2969,89', 40, 14);
insert into Pedido (codPedido, fechaPedido, precioTotal, idCliente, idRepartidor) values (66, '8/2/2023', '€2926,92', 24, 14);
insert into Pedido (codPedido, fechaPedido, precioTotal, idCliente, idRepartidor) values (67, '23/2/2023', '€1251,12', 57, 14);
insert into Pedido (codPedido, fechaPedido, precioTotal, idCliente, idRepartidor) values (68, '20/6/2023', '€864,38', 13, 13);
insert into Pedido (codPedido, fechaPedido, precioTotal, idCliente, idRepartidor) values (69, '17/5/2023', '€374,79', 96, 15);
insert into Pedido (codPedido, fechaPedido, precioTotal, idCliente, idRepartidor) values (70, '12/9/2023', '€66,37', 80, 6);
insert into Pedido (codPedido, fechaPedido, precioTotal, idCliente, idRepartidor) values (71, '23/10/2023', '€2133,20', 60, 5);
insert into Pedido (codPedido, fechaPedido, precioTotal, idCliente, idRepartidor) values (72, '6/9/2023', '€1002,06', 29, 18);
insert into Pedido (codPedido, fechaPedido, precioTotal, idCliente, idRepartidor) values (73, '11/5/2023', '€2835,22', 90, 3);
insert into Pedido (codPedido, fechaPedido, precioTotal, idCliente, idRepartidor) values (74, '21/1/2024', '€2139,42', 54, 14);
insert into Pedido (codPedido, fechaPedido, precioTotal, idCliente, idRepartidor) values (75, '27/5/2023', '€447,12', 19, 10);
insert into Pedido (codPedido, fechaPedido, precioTotal, idCliente, idRepartidor) values (76, '22/2/2023', '€1781,47', 50, 20);
insert into Pedido (codPedido, fechaPedido, precioTotal, idCliente, idRepartidor) values (77, '17/3/2023', '€2295,06', 5, 2);
insert into Pedido (codPedido, fechaPedido, precioTotal, idCliente, idRepartidor) values (78, '27/5/2023', '€2291,70', 63, 10);
insert into Pedido (codPedido, fechaPedido, precioTotal, idCliente, idRepartidor) values (79, '25/12/2023', '€1348,20', 8, 20);
insert into Pedido (codPedido, fechaPedido, precioTotal, idCliente, idRepartidor) values (80, '23/6/2023', '€66,00', 94, 19);
insert into Pedido (codPedido, fechaPedido, precioTotal, idCliente, idRepartidor) values (81, '23/3/2023', '€1725,34', 83, 20);
insert into Pedido (codPedido, fechaPedido, precioTotal, idCliente, idRepartidor) values (82, '29/9/2023', '€610,70', 15, 14);
insert into Pedido (codPedido, fechaPedido, precioTotal, idCliente, idRepartidor) values (83, '17/8/2023', '€551,17', 92, 9);
insert into Pedido (codPedido, fechaPedido, precioTotal, idCliente, idRepartidor) values (84, '29/6/2023', '€474,39', 13, 5);
insert into Pedido (codPedido, fechaPedido, precioTotal, idCliente, idRepartidor) values (85, '15/3/2023', '€2788,05', 13, 10);
insert into Pedido (codPedido, fechaPedido, precioTotal, idCliente, idRepartidor) values (86, '17/1/2023', '€2801,30', 65, 3);
insert into Pedido (codPedido, fechaPedido, precioTotal, idCliente, idRepartidor) values (87, '24/12/2023', '€264,32', 45, 17);
insert into Pedido (codPedido, fechaPedido, precioTotal, idCliente, idRepartidor) values (88, '14/11/2023', '€2580,14', 19, 19);
insert into Pedido (codPedido, fechaPedido, precioTotal, idCliente, idRepartidor) values (89, '16/8/2023', '€72,99', 58, 8);
insert into Pedido (codPedido, fechaPedido, precioTotal, idCliente, idRepartidor) values (90, '12/10/2023', '€588,30', 10, 16);
insert into Pedido (codPedido, fechaPedido, precioTotal, idCliente, idRepartidor) values (91, '19/1/2024', '€2652,75', 4, 6);
insert into Pedido (codPedido, fechaPedido, precioTotal, idCliente, idRepartidor) values (92, '15/11/2023', '€1162,45', 90, 11);
insert into Pedido (codPedido, fechaPedido, precioTotal, idCliente, idRepartidor) values (93, '5/3/2023', '€1960,56', 46, 14);
insert into Pedido (codPedido, fechaPedido, precioTotal, idCliente, idRepartidor) values (94, '8/11/2023', '€2246,24', 72, 13);
insert into Pedido (codPedido, fechaPedido, precioTotal, idCliente, idRepartidor) values (95, '22/6/2023', '€2463,85', 30, 17);
insert into Pedido (codPedido, fechaPedido, precioTotal, idCliente, idRepartidor) values (96, '6/8/2023', '€1054,10', 60, 6);
insert into Pedido (codPedido, fechaPedido, precioTotal, idCliente, idRepartidor) values (97, '5/1/2023', '€2893,34', 64, 16);
insert into Pedido (codPedido, fechaPedido, precioTotal, idCliente, idRepartidor) values (98, '19/2/2023', '€1728,42', 62, 17);
insert into Pedido (codPedido, fechaPedido, precioTotal, idCliente, idRepartidor) values (99, '7/10/2023', '€391,39', 8, 3);
insert into Pedido (codPedido, fechaPedido, precioTotal, idCliente, idRepartidor) values (100, '10/5/2023', '€2026,79', 26, 19);